{ 
    "_id" : ObjectId("5f5152c353f01c44d2459dff"), 
    "BOOK_CODE" : "BL000001", 
    "BOOK_TITLE" : "Java How To Do Program", 
    "CATEGORY" : "JAVA", 
    "AUTHOR" : "Paul J. Deitel", 
    "PUBLICATION" : "Prentice Hall", 
    "PUBLISH_DATE" : ISODate("1999-12-10T00:00:00.000+0000"), 
    "BOOK_EDITION" : NumberInt(6), 
    "PRICE" : NumberInt(600), 
    "RACK_NUM" : "A1", 
    "DATE_ARRIVAL" : ISODate("2011-05-10T00:00:00.000+0000"), 
    "SUPPLIER_ID" : "S01"
},
{ 
    "_id" : ObjectId("5f5152c353f01c44d2459e00"), 
    "BOOK_CODE" : "BL000002", 
    "BOOK_TITLE" : "Java: The Complete Reference", 
    "CATEGORY" : "JAVA", 
    "AUTHOR" : "Herbert Schildt", 
    "PUBLICATION" : "Tata Mcgraw Hill", 
    "PUBLISH_DATE" : ISODate("2011-10-10T00:00:00.000+0000"), 
    "BOOK_EDITION" : NumberInt(5), 
    "PRICE" : NumberInt(750), 
    "RACK_NUM" : "A1", 
    "DATE_ARRIVAL" : ISODate("2011-05-10T00:00:00.000+0000"), 
    "SUPPLIER_ID" : "S03"
},
{ 
    "_id" : ObjectId("5f5152c353f01c44d2459e01"), 
    "BOOK_CODE" : "BL000003", 
    "BOOK_TITLE" : "Java How To Do Program", 
    "CATEGORY" : "JAVA", 
    "AUTHOR" : "Paul J. Deitel", 
    "PUBLICATION" : "Prentice Hall", 
    "PUBLISH_DATE" : ISODate("1999-05-10T00:00:00.000+0000"), 
    "BOOK_EDITION" : NumberInt(6), 
    "PRICE" : NumberInt(600), 
    "RACK_NUM" : "A1", 
    "DATE_ARRIVAL" : ISODate("2012-05-10T00:00:00.000+0000"), 
    "SUPPLIER_ID" : "S01"
},
{ 
    "_id" : ObjectId("5f5152c353f01c44d2459e02"), 
    "BOOK_CODE" : "BL000004", 
    "BOOK_TITLE" : "Java: The Complete Reference", 
    "CATEGORY" : "JAVA", 
    "AUTHOR" : "Herbert Schildt", 
    "PUBLICATION" : "Tata Mcgraw Hill", 
    "PUBLISH_DATE" : ISODate("2011-10-10T00:00:00.000+0000"), 
    "BOOK_EDITION" : NumberInt(5), 
    "PRICE" : NumberInt(750), 
    "RACK_NUM" : "A1", 
    "DATE_ARRIVAL" : ISODate("2012-05-11T00:00:00.000+0000"), 
    "SUPPLIER_ID" : "S01"
},
{ 
    "_id" : ObjectId("5f5152c353f01c44d2459e03"), 
    "BOOK_CODE" : "BL000005", 
    "BOOK_TITLE" : "Java How To Do Program", 
    "CATEGORY" : "JAVA", 
    "AUTHOR" : "Paul J. Deitel", 
    "PUBLICATION" : "Prentice Hall", 
    "PUBLISH_DATE" : ISODate("1999-12-10T00:00:00.000+0000"), 
    "BOOK_EDITION" : NumberInt(6), 
    "PRICE" : NumberInt(600), 
    "RACK_NUM" : "A1", 
    "DATE_ARRIVAL" : ISODate("2012-05-11T00:00:00.000+0000"), 
    "SUPPLIER_ID" : "S01"
},
{ 
    "_id" : ObjectId("5f5152c353f01c44d2459e04"), 
    "BOOK_CODE" : "BL000006", 
    "BOOK_TITLE" : "Java: The Complete Reference", 
    "CATEGORY" : "JAVA", 
    "AUTHOR" : "Herbert Schildt", 
    "PUBLICATION" : "Tata Mcgraw Hill", 
    "PUBLISH_DATE" : ISODate("2011-10-10T00:00:00.000+0000"), 
    "BOOK_EDITION" : NumberInt(5), 
    "PRICE" : NumberInt(750), 
    "RACK_NUM" : "A1", 
    "DATE_ARRIVAL" : ISODate("2012-05-12T00:00:00.000+0000"), 
    "SUPPLIER_ID" : "S03"
},
{ 
    "_id" : ObjectId("5f5152c353f01c44d2459e05"), 
    "BOOK_CODE" : "BL000007", 
    "BOOK_TITLE" : "Let Us C", 
    "CATEGORY" : "C", 
    "AUTHOR" : "Yashavant Kanetkar", 
    "PUBLICATION" : "BPB Publications", 
    "PUBLISH_DATE" : ISODate("2010-12-11T00:00:00.000+0000"), 
    "BOOK_EDITION" : NumberInt(9), 
    "PRICE" : NumberInt(500), 
    "RACK_NUM" : "A3", 
    "DATE_ARRIVAL" : ISODate("2010-11-03T00:00:00.000+0000"), 
    "SUPPLIER_ID" : "S03"
},
{ 
    "_id" : ObjectId("5f5152c353f01c44d2459e06"), 
    "BOOK_CODE" : "BL000008", 
    "BOOK_TITLE" : "Python Cookbook: Recipes for Mastering Python 3", 
    "CATEGORY" : "Python", 
    "AUTHOR" : "Brian K. Jones", 
    "PUBLICATION" : "O'Reilly Media", 
    "PUBLISH_DATE" : ISODate("2013-05-10T00:00:00.000+0000"), 
    "BOOK_EDITION" : NumberInt(3), 
    "PRICE" : NumberInt(350), 
    "DATE_ARRIVAL" : ISODate("2019-06-10T00:00:00.000+0000"), 
    "SUPPLIER_ID" : "S02"
},
{ 
    "_id" : ObjectId("5f5152c353f01c44d2459e07"), 
    "BOOK_CODE" : "BL000009", 
    "BOOK_TITLE" : "Learn Python in 1 Day", 
    "CATEGORY" : "Python", 
    "AUTHOR" : "Krishna Rungta", 
    "PUBLICATION" : "Guru99", 
    "PUBLISH_DATE" : ISODate("2016-07-19T00:00:00.000+0000"), 
    "BOOK_EDITION" : NumberInt(1), 
    "PRICE" : NumberInt(307), 
    "RACK_NUM" : "A3", 
    "DATE_ARRIVAL" : ISODate("2019-06-10T00:00:00.000+0000"), 
    "SUPPLIER_ID" : "S02"
},
{ 
    "_id" : ObjectId("5f5152c353f01c44d2459e08"), 
    "BOOK_CODE" : "BL000010", 
    "BOOK_TITLE" : "Python Programming:An Introduction to Computer Science", 
    "CATEGORY" : "Python", 
    "AUTHOR" : "John M Zelle", 
    "PUBLICATION" : "Ingram short title", 
    "PUBLISH_DATE" : ISODate("2016-01-01T00:00:00.000+0000"), 
    "BOOK_EDITION" : NumberInt(3), 
    "PRICE" : NumberInt(1200), 
    "SUPPLIER_ID" : "S03"
},
{ 
    "_id" : ObjectId("5f5152c353f01c44d2459e09"), 
    "BOOK_CODE" : "BL000011", 
    "BOOK_TITLE" : "C# 8.0 and .NET Core 3.0 – Modern Cross-Platform Development", 
    "CATEGORY" : "C#", 
    "AUTHOR" : "Mark J. Price", 
    "PUBLICATION" : "Packt Publishing", 
    "PUBLISH_DATE" : ISODate("2019-10-31T00:00:00.000+0000"), 
    "BOOK_EDITION" : NumberInt(4), 
    "PRICE" : NumberInt(410), 
    "RACK_NUM" : "A3", 
    "DATE_ARRIVAL" : ISODate("2019-06-10T00:00:00.000+0000")
},
{ 
    "_id" : ObjectId("5f5152c353f01c44d2459e0a"), 
    "BOOK_CODE" : "BL000012", 
    "BOOK_TITLE" : "C# 8.0 Pocket Reference: Instant Help for C# 8.0 Programmers", 
    "CATEGORY" : "C#", 
    "AUTHOR" : "Joseph Albahari", 
    "PUBLICATION" : "O'Reilly Media", 
    "PUBLISH_DATE" : ISODate("2019-12-10T00:00:00.000+0000"), 
    "BOOK_EDITION" : NumberInt(1), 
    "PRICE" : NumberInt(890), 
    "SUPPLIER_ID" : "S03"
},
{ 
    "_id" : ObjectId("5f5152c353f01c44d2459e0b"), 
    "BOOK_CODE" : "BL000013", 
    "BOOK_TITLE" : "Agile Principles, Patterns, and Practices in C#", 
    "CATEGORY" : "C#", 
    "AUTHOR" : "Robert C. Martin", 
    "PUBLICATION" : "Pearson", 
    "PUBLISH_DATE" : ISODate("2006-06-20T00:00:00.000+0000"), 
    "BOOK_EDITION" : NumberInt(5), 
    "PRICE" : NumberInt(630), 
    "DATE_ARRIVAL" : ISODate("2009-09-12T00:00:00.000+0000")
},
{ 
    "_id" : ObjectId("5f5152c353f01c44d2459e0c"), 
    "BOOK_CODE" : "BL000014", 
    "BOOK_TITLE" : "Clean Code: A Handbook of Agile Software Craftsmanship", 
    "CATEGORY" : "FUNDAMENTALS", 
    "AUTHOR" : "Robert C. Martin", 
    "PUBLICATION" : "Prentice Hall", 
    "PUBLISH_DATE" : ISODate("2018-05-20T00:00:00.000+0000"), 
    "BOOK_EDITION" : NumberInt(1), 
    "PRICE" : NumberInt(520), 
    "RACK_NUM" : "A3", 
    "DATE_ARRIVAL" : ISODate("2019-06-01T00:00:00.000+0000"), 
    "SUPPLIER_ID" : "S06"
},
{ 
    "_id" : ObjectId("5f5152c353f01c44d2459e0d"), 
    "BOOK_CODE" : "BL000015", 
    "BOOK_TITLE" : "Introduction to Algorithms", 
    "CATEGORY" : "ALGORITHMS", 
    "AUTHOR" : "Thomas H. Cormen", 
    "PUBLICATION" : "The MIT Press", 
    "PUBLISH_DATE" : ISODate("2019-06-02T00:00:00.000+0000"), 
    "BOOK_EDITION" : NumberInt(3), 
    "PRICE" : NumberInt(1220), 
    "RACK_NUM" : "A4", 
    "DATE_ARRIVAL" : ISODate("2019-08-02T00:00:00.000+0000"), 
    "SUPPLIER_ID" : "S01"
},
{ 
    "_id" : ObjectId("5f5152c353f01c44d2459e0e"), 
    "BOOK_CODE" : "BL000016", 
    "BOOK_TITLE" : "Structure and Interpretation of Computer Programs (SICP)", 
    "CATEGORY" : "FUNDAMENTALS", 
    "AUTHOR" : "Harold Abelson", 
    "PUBLICATION" : "The MIT Press", 
    "PUBLISH_DATE" : ISODate("2011-08-02T00:00:00.000+0000"), 
    "BOOK_EDITION" : NumberInt(4), 
    "PRICE" : NumberInt(1880), 
    "RACK_NUM" : "A5", 
    "DATE_ARRIVAL" : ISODate("2014-09-10T00:00:00.000+0000"), 
    "SUPPLIER_ID" : "S02"
},
{ 
    "_id" : ObjectId("5f5152c353f01c44d2459e0f"), 
    "BOOK_CODE" : "BL000017", 
    "BOOK_TITLE" : "The Clean Coder: A Code of Conduct for Professional Programmers", 
    "CATEGORY" : "FUNDAMENTALS", 
    "AUTHOR" : "Robert C. Martin", 
    "PUBLICATION" : "Prentice Hall", 
    "PUBLISH_DATE" : ISODate("2015-06-02T00:00:00.000+0000"), 
    "BOOK_EDITION" : NumberInt(5), 
    "PRICE" : NumberInt(3000), 
    "RACK_NUM" : "A6", 
    "DATE_ARRIVAL" : ISODate("2019-02-10T00:00:00.000+0000"), 
    "SUPPLIER_ID" : "S06"
},
{ 
    "_id" : ObjectId("5f5152c353f01c44d2459e10"), 
    "BOOK_CODE" : "BL000018", 
    "BOOK_TITLE" : "Code Complete: A Practical Handbook of Software Construction", 
    "CATEGORY" : "FUNDAMENTALS", 
    "AUTHOR" : "Steve McConnell", 
    "PUBLICATION" : "Microsoft Press", 
    "PUBLISH_DATE" : ISODate("2011-04-05T00:00:00.000+0000"), 
    "BOOK_EDITION" : NumberInt(3), 
    "PRICE" : NumberInt(4500), 
    "RACK_NUM" : "A5", 
    "DATE_ARRIVAL" : ISODate("2011-12-03T00:00:00.000+0000"), 
    "SUPPLIER_ID" : "S03"
},
{ 
    "_id" : ObjectId("5f5152c353f01c44d2459e11"), 
    "BOOK_CODE" : "BL000019", 
    "BOOK_TITLE" : "Design Patterns: Elements of Reusable Object-Oriented Software", 
    "CATEGORY" : "FUNDAMENTALS", 
    "AUTHOR" : "Erich Gamma", 
    "PUBLICATION" : "Addison-Wesley Professional", 
    "PUBLISH_DATE" : ISODate("2001-01-02T00:00:00.000+0000"), 
    "BOOK_EDITION" : NumberInt(1), 
    "PRICE" : NumberInt(450), 
    "RACK_NUM" : "A8", 
    "DATE_ARRIVAL" : ISODate("2011-06-06T00:00:00.000+0000"), 
    "SUPPLIER_ID" : "S03"
},
{ 
    "_id" : ObjectId("5f5152c353f01c44d2459e12"), 
    "BOOK_CODE" : "BL000020", 
    "BOOK_TITLE" : "The Pragmatic Programmer", 
    "CATEGORY" : "FUNDAMENTALS", 
    "AUTHOR" : "David Thomas", 
    "PUBLICATION" : "Addison-Wesley Professional", 
    "PUBLISH_DATE" : ISODate("2006-06-06T00:00:00.000+0000"), 
    "BOOK_EDITION" : NumberInt(3), 
    "PRICE" : NumberInt(750), 
    "RACK_NUM" : "A9", 
    "DATE_ARRIVAL" : ISODate("2011-12-12T00:00:00.000+0000"), 
    "SUPPLIER_ID" : "S03"
},
{ 
    "_id" : ObjectId("5f5152c353f01c44d2459e13"), 
    "BOOK_CODE" : "BL000021", 
    "BOOK_TITLE" : "Head First Design Patterns: A Brain-Friendly Guide", 
    "CATEGORY" : "JAVA", 
    "AUTHOR" : "Eric Freeman", 
    "PUBLICATION" : "O'Reilly Media", 
    "PUBLISH_DATE" : ISODate("2005-05-05T00:00:00.000+0000"), 
    "BOOK_EDITION" : NumberInt(1), 
    "PRICE" : NumberInt(860), 
    "RACK_NUM" : "A2", 
    "DATE_ARRIVAL" : ISODate("2006-05-05T00:00:00.000+0000"), 
    "SUPPLIER_ID" : "S01"
},
{ 
    "_id" : ObjectId("5f5152c353f01c44d2459e14"), 
    "BOOK_CODE" : "BL000023", 
    "BOOK_TITLE" : "Algorithms Unlocked", 
    "CATEGORY" : "ALGORITHMS", 
    "AUTHOR" : "Thomas H. Cormen", 
    "PUBLICATION" : "The MIT Press", 
    "PUBLISH_DATE" : ISODate("2012-12-02T00:00:00.000+0000"), 
    "BOOK_EDITION" : NumberInt(2), 
    "PRICE" : NumberInt(860), 
    "RACK_NUM" : "A8", 
    "DATE_ARRIVAL" : ISODate("2013-12-02T00:00:00.000+0000"), 
    "SUPPLIER_ID" : "S01"
},
{ 
    "_id" : ObjectId("5f5152c353f01c44d2459e15"), 
    "BOOK_CODE" : "BL000024", 
    "BOOK_TITLE" : "The Algorithm Design Manual", 
    "CATEGORY" : "ALGORITHMS", 
    "AUTHOR" : "Steven S. Skiena", 
    "PUBLICATION" : "Addison-Wesley Professional", 
    "PUBLISH_DATE" : ISODate("2012-12-02T00:00:00.000+0000"), 
    "BOOK_EDITION" : NumberInt(6), 
    "PRICE" : NumberInt(456), 
    "RACK_NUM" : "A6", 
    "DATE_ARRIVAL" : ISODate("2013-12-02T00:00:00.000+0000")
},
{ 
    "_id" : ObjectId("5f5152c353f01c44d2459e16"), 
    "BOOK_CODE" : "BL000025", 
    "BOOK_TITLE" : "Algorithms", 
    "CATEGORY" : "ALGORITHMS", 
    "AUTHOR" : "Robert Sedgewick", 
    "PUBLICATION" : "The MIT Press", 
    "PUBLISH_DATE" : ISODate("2011-04-06T00:00:00.000+0000"), 
    "BOOK_EDITION" : NumberInt(2), 
    "PRICE" : NumberInt(630), 
    "RACK_NUM" : "A3", 
    "DATE_ARRIVAL" : ISODate("2013-12-02T00:00:00.000+0000"), 
    "SUPPLIER_ID" : "S02"
},
{ 
    "_id" : ObjectId("5f5152c353f01c44d2459e17"), 
    "BOOK_CODE" : "BL000026", 
    "BOOK_TITLE" : "Advanced Data Structures", 
    "CATEGORY" : "DATA STRUCTURES", 
    "AUTHOR" : "Peter Brass", 
    "PUBLICATION" : "The MIT Press", 
    "PUBLISH_DATE" : ISODate("2008-08-08T00:00:00.000+0000"), 
    "BOOK_EDITION" : NumberInt(6), 
    "PRICE" : NumberInt(780), 
    "RACK_NUM" : "A3", 
    "DATE_ARRIVAL" : ISODate("2009-09-09T00:00:00.000+0000"), 
    "SUPPLIER_ID" : "S05"
}
