[
    {
        "uname":"Rohit",
        "passwd":"Rohit123"
    },
    {
        "uname":"Digvijay",
        "passwd":"Digvijay123"
    },
    {
        "uname":"Kavtya mahakal",
        "passwd":"ShriRampur"
    },
    {
        "uname":"Taklu haivan",
        "passwd":"TablaGang"
    },
    {
        "uname":"Mogambo",
        "passwd":"khushHua"
    },
    {
        "uname":"Jaani",
        "passwd":"dushman"
    },
    {
        "uname":"Zagdya",
        "passwd":"ramoshi"
    },
    {
        "uname":"Deewane",
        "passwd":"pagal"
    }
]